{"cameraMode":{"drawMode":0,"name":"Shaded","section":"Shading Mode"},"sceneLighting":true,"audioPlay":false,"sceneViewState":{"showFog":true,"showMaterialUpdate":false,"showSkybox":true,"showFlares":true,"showImageEffects":true,"showParticleSystems":true},"in2DMode":false,"pivot":{"x":16.959779739379884,"y":7.440767288208008,"z":25.334407806396486},"rotation":{"x":-0.1163073182106018,"y":-0.08570542931556702,"z":0.010074327699840069,"w":-0.9894577264785767},"size":13.385610580444336,"orthographic":false}